"partner"	"country"	"value"
"AUS"	"AUS"	319.341
"AUT"	"AUS"	0.187
"BEL"	"AUS"	0.363
"BRA"	"AUS"	0.592
"CAN"	"AUS"	1.201
"CHE"	"AUS"	0.146
"CHL"	"AUS"	0.384
"CHN"	"AUS"	38.696
"CZE"	"AUS"	0.278
"DEU"	"AUS"	2.428
"DNK"	"AUS"	0.258
"ESP"	"AUS"	0.817
"EST"	"AUS"	0.036
"FIN"	"AUS"	0.283
"FRA"	"AUS"	0.825
"GBR"	"AUS"	2.055
"GRC"	"AUS"	0.144
"HUN"	"AUS"	0.11
"IDN"	"AUS"	3.316
"IND"	"AUS"	6.65
"IRL"	"AUS"	0.164
"ISL"	"AUS"	0.006
"ISR"	"AUS"	0.172
"ITA"	"AUS"	1.246
"JPN"	"AUS"	5.931
"KOR"	"AUS"	4.509
"LUX"	"AUS"	0.047
"MEX"	"AUS"	0.673
"NLD"	"AUS"	0.653
"NOR"	"AUS"	0.219
"NZL"	"AUS"	1.749
"POL"	"AUS"	0.435
"PRT"	"AUS"	0.074
"RUS"	"AUS"	4.861
"SVK"	"AUS"	0.086
"SVN"	"AUS"	0.024
"SWE"	"AUS"	0.222
"TUR"	"AUS"	0.358
"USA"	"AUS"	11.143
"ZAF"	"AUS"	1.014
"AUS"	"AUT"	0.093
"AUT"	"AUT"	46.262
"BEL"	"AUT"	0.372
"BRA"	"AUT"	0.197
"CAN"	"AUT"	0.215
"CHE"	"AUT"	0.169
"CHL"	"AUT"	0.076
"CHN"	"AUT"	5.286
"CZE"	"AUT"	1.513
"DEU"	"AUT"	18.237
"DNK"	"AUT"	0.125
"ESP"	"AUT"	0.554
"EST"	"AUT"	0.041
"FIN"	"AUT"	0.141
"FRA"	"AUT"	0.569
"GBR"	"AUT"	0.532
"GRC"	"AUT"	0.177
"HUN"	"AUT"	0.776
"IDN"	"AUT"	0.143
"IND"	"AUT"	1.055
"IRL"	"AUT"	0.068
"ISL"	"AUT"	0.008
"ISR"	"AUT"	0.032
"ITA"	"AUT"	1.654
"JPN"	"AUT"	0.443
"KOR"	"AUT"	0.4
"LUX"	"AUT"	0.084
"MEX"	"AUT"	0.08
"NLD"	"AUT"	0.569
"NOR"	"AUT"	0.089
"NZL"	"AUT"	0.015
"POL"	"AUT"	1.479
"PRT"	"AUT"	0.072
"RUS"	"AUT"	5.404
"SVK"	"AUT"	0.712
"SVN"	"AUT"	0.278
"SWE"	"AUT"	0.127
"TUR"	"AUT"	0.372
"USA"	"AUT"	1.322
"ZAF"	"AUT"	0.229
"AUS"	"BEL"	0.191
"AUT"	"BEL"	0.21
"BEL"	"BEL"	66.837
"BRA"	"BEL"	0.327
"CAN"	"BEL"	0.424
"CHE"	"BEL"	0.093
"CHL"	"BEL"	0.089
"CHN"	"BEL"	6.07
"CZE"	"BEL"	0.584
"DEU"	"BEL"	22.083
"DNK"	"BEL"	0.279
"ESP"	"BEL"	1.183
"EST"	"BEL"	0.044
"FIN"	"BEL"	0.257
"FRA"	"BEL"	2.535
"GBR"	"BEL"	1.723
"GRC"	"BEL"	0.192
"HUN"	"BEL"	0.171
"IDN"	"BEL"	0.223
"IND"	"BEL"	6.137
"IRL"	"BEL"	0.157
"ISL"	"BEL"	0.014
"ISR"	"BEL"	0.136
"ITA"	"BEL"	0.992
"JPN"	"BEL"	0.611
"KOR"	"BEL"	0.459
"LUX"	"BEL"	0.722
"MEX"	"BEL"	0.154
"NLD"	"BEL"	2.953
"NOR"	"BEL"	0.285
"NZL"	"BEL"	0.027
"POL"	"BEL"	0.908
"PRT"	"BEL"	0.153
"RUS"	"BEL"	7.027
"SVK"	"BEL"	0.123
"SVN"	"BEL"	0.057
"SWE"	"BEL"	0.191
"TUR"	"BEL"	0.404
"USA"	"BEL"	3.061
"ZAF"	"BEL"	0.5
"AUS"	"BRA"	0.942
"AUT"	"BRA"	0.273
"BEL"	"BRA"	0.506
"BRA"	"BRA"	344.111
"CAN"	"BRA"	1.632
"CHE"	"BRA"	0.15
"CHL"	"BRA"	1.717
"CHN"	"BRA"	30.524
"CZE"	"BRA"	0.34
"DEU"	"BRA"	3.241
"DNK"	"BRA"	0.284
"ESP"	"BRA"	1.364
"EST"	"BRA"	0.028
"FIN"	"BRA"	0.252
"FRA"	"BRA"	1.016
"GBR"	"BRA"	1.029
"GRC"	"BRA"	0.164
"HUN"	"BRA"	0.155
"IDN"	"BRA"	0.924
"IND"	"BRA"	7.973
"IRL"	"BRA"	0.088
"ISL"	"BRA"	0.007
"ISR"	"BRA"	0.272
"ITA"	"BRA"	1.369
"JPN"	"BRA"	2.612
"KOR"	"BRA"	5.104
"LUX"	"BRA"	0.057
"MEX"	"BRA"	1.651
"NLD"	"BRA"	0.808
"NOR"	"BRA"	0.466
"NZL"	"BRA"	0.051
"POL"	"BRA"	0.522
"PRT"	"BRA"	0.59
"RUS"	"BRA"	7.19
"SVK"	"BRA"	0.108
"SVN"	"BRA"	0.028
"SWE"	"BRA"	0.244
"TUR"	"BRA"	0.566
"USA"	"BRA"	16.212
"ZAF"	"BRA"	1.258
"AUS"	"CAN"	0.862
"AUT"	"CAN"	0.233
"BEL"	"CAN"	0.446
"BRA"	"CAN"	1.29
"CAN"	"CAN"	415.644
"CHE"	"CAN"	0.147
"CHL"	"CAN"	0.485
"CHN"	"CAN"	38.573
"CZE"	"CAN"	0.348
"DEU"	"CAN"	2.783
"DNK"	"CAN"	0.278
"ESP"	"CAN"	0.81
"EST"	"CAN"	0.04
"FIN"	"CAN"	0.409
"FRA"	"CAN"	0.983
"GBR"	"CAN"	2.161
"GRC"	"CAN"	0.212
"HUN"	"CAN"	0.146
"IDN"	"CAN"	0.863
"IND"	"CAN"	5.595
"IRL"	"CAN"	0.158
"ISL"	"CAN"	0.012
"ISR"	"CAN"	0.203
"ITA"	"CAN"	1.282
"JPN"	"CAN"	3.858
"KOR"	"CAN"	4.012
"LUX"	"CAN"	0.098
"MEX"	"CAN"	5.451
"NLD"	"CAN"	0.648
"NOR"	"CAN"	0.458
"NZL"	"CAN"	0.113
"POL"	"CAN"	0.867
"PRT"	"CAN"	0.137
"RUS"	"CAN"	6.417
"SVK"	"CAN"	0.122
"SVN"	"CAN"	0.033
"SWE"	"CAN"	0.233
"TUR"	"CAN"	0.585
"USA"	"CAN"	56.56
"ZAF"	"CAN"	1.037
"AUS"	"CHE"	0.224
"AUT"	"CHE"	0.874
"BEL"	"CHE"	1.059
"BRA"	"CHE"	0.339
"CAN"	"CHE"	0.451
"CHE"	"CHE"	31.667
"CHL"	"CHE"	0.12
"CHN"	"CHE"	7.507
"CZE"	"CHE"	0.958
"DEU"	"CHE"	14.229
"DNK"	"CHE"	0.24
"ESP"	"CHE"	1.534
"EST"	"CHE"	0.051
"FIN"	"CHE"	0.228
"FRA"	"CHE"	2.194
"GBR"	"CHE"	1.528
"GRC"	"CHE"	0.239
"HUN"	"CHE"	0.279
"IDN"	"CHE"	0.235
"IND"	"CHE"	2.692
"IRL"	"CHE"	0.243
"ISL"	"CHE"	0.012
"ISR"	"CHE"	0.147
"ITA"	"CHE"	3.168
"JPN"	"CHE"	1.225
"KOR"	"CHE"	0.689
"LUX"	"CHE"	0.146
"MEX"	"CHE"	0.275
"NLD"	"CHE"	1.264
"NOR"	"CHE"	0.162
"NZL"	"CHE"	0.028
"POL"	"CHE"	1.469
"PRT"	"CHE"	0.179
"RUS"	"CHE"	5.328
"SVK"	"CHE"	0.247
"SVN"	"CHE"	0.085
"SWE"	"CHE"	0.227
"TUR"	"CHE"	0.392
"USA"	"CHE"	4.547
"ZAF"	"CHE"	0.545
"AUS"	"CHL"	0.172
"AUT"	"CHL"	0.042
"BEL"	"CHL"	0.089
"BRA"	"CHL"	1.252
"CAN"	"CHL"	0.429
"CHE"	"CHL"	0.021
"CHL"	"CHL"	50.159
"CHN"	"CHL"	8.55
"CZE"	"CHL"	0.047
"DEU"	"CHL"	0.613
"DNK"	"CHL"	0.084
"ESP"	"CHL"	0.419
"EST"	"CHL"	0.008
"FIN"	"CHL"	0.081
"FRA"	"CHL"	0.167
"GBR"	"CHL"	0.261
"GRC"	"CHL"	0.029
"HUN"	"CHL"	0.015
"IDN"	"CHL"	0.15
"IND"	"CHL"	0.772
"IRL"	"CHL"	0.012
"ISL"	"CHL"	0.002
"ISR"	"CHL"	0.028
"ITA"	"CHL"	0.225
"JPN"	"CHL"	0.722
"KOR"	"CHL"	1.204
"LUX"	"CHL"	0.02
"MEX"	"CHL"	0.48
"NLD"	"CHL"	0.075
"NOR"	"CHL"	0.046
"NZL"	"CHL"	0.015
"POL"	"CHL"	0.082
"PRT"	"CHL"	0.053
"RUS"	"CHL"	0.868
"SVK"	"CHL"	0.016
"SVN"	"CHL"	0.005
"SWE"	"CHL"	0.108
"TUR"	"CHL"	0.082
"USA"	"CHL"	4.403
"ZAF"	"CHL"	0.146
"AUS"	"CHN"	14.565
"AUT"	"CHN"	0.782
"BEL"	"CHN"	1.336
"BRA"	"CHN"	7.195
"CAN"	"CHN"	5.511
"CHE"	"CHN"	0.425
"CHL"	"CHN"	4.357
"CHN"	"CHN"	6556.975
"CZE"	"CHN"	1.309
"DEU"	"CHN"	11.51
"DNK"	"CHN"	0.735
"ESP"	"CHN"	1.95
"EST"	"CHN"	0.097
"FIN"	"CHN"	0.993
"FRA"	"CHN"	2.71
"GBR"	"CHN"	3.011
"GRC"	"CHN"	0.371
"HUN"	"CHN"	0.508
"IDN"	"CHN"	8.107
"IND"	"CHN"	23.295
"IRL"	"CHN"	0.378
"ISL"	"CHN"	0.032
"ISR"	"CHN"	0.556
"ITA"	"CHN"	2.834
"JPN"	"CHN"	31.739
"KOR"	"CHN"	41.972
"LUX"	"CHN"	0.166
"MEX"	"CHN"	2.444
"NLD"	"CHN"	1.491
"NOR"	"CHN"	0.725
"NZL"	"CHN"	0.689
"POL"	"CHN"	1.767
"PRT"	"CHN"	0.249
"RUS"	"CHN"	47.923
"SVK"	"CHN"	0.716
"SVN"	"CHN"	0.093
"SWE"	"CHN"	0.654
"TUR"	"CHN"	1.351
"USA"	"CHN"	29.416
"ZAF"	"CHN"	11.871
"AUS"	"CZE"	0.112
"AUT"	"CZE"	0.395
"BEL"	"CZE"	0.298
"BRA"	"CZE"	0.124
"CAN"	"CZE"	0.113
"CHE"	"CZE"	0.042
"CHL"	"CZE"	0.036
"CHN"	"CZE"	6.643
"CZE"	"CZE"	67.623
"DEU"	"CZE"	5.612
"DNK"	"CZE"	0.115
"ESP"	"CZE"	0.419
"EST"	"CZE"	0.02
"FIN"	"CZE"	0.091
"FRA"	"CZE"	0.403
"GBR"	"CZE"	0.368
"GRC"	"CZE"	0.112
"HUN"	"CZE"	0.402
"IDN"	"CZE"	0.126
"IND"	"CZE"	0.756
"IRL"	"CZE"	0.053
"ISL"	"CZE"	0.007
"ISR"	"CZE"	0.032
"ITA"	"CZE"	0.707
"JPN"	"CZE"	0.333
"KOR"	"CZE"	0.573
"LUX"	"CZE"	0.052
"MEX"	"CZE"	0.061
"NLD"	"CZE"	0.378
"NOR"	"CZE"	0.066
"NZL"	"CZE"	0.008
"POL"	"CZE"	2.693
"PRT"	"CZE"	0.054
"RUS"	"CZE"	7.15
"SVK"	"CZE"	1.179
"SVN"	"CZE"	0.063
"SWE"	"CZE"	0.085
"TUR"	"CZE"	0.319
"USA"	"CZE"	0.809
"ZAF"	"CZE"	0.203
"AUS"	"DEU"	1.234
"AUT"	"DEU"	5.091
"BEL"	"DEU"	7.19
"BRA"	"DEU"	2.618
"CAN"	"DEU"	2.454
"CHE"	"DEU"	1.412
"CHL"	"DEU"	0.67
"CHN"	"DEU"	55.597
"CZE"	"DEU"	11.158
"DEU"	"DEU"	489.007
"DNK"	"DEU"	2.158
"ESP"	"DEU"	7.259
"EST"	"DEU"	0.309
"FIN"	"DEU"	1.85
"FRA"	"DEU"	8.369
"GBR"	"DEU"	8.946
"GRC"	"DEU"	2.155
"HUN"	"DEU"	3.217
"IDN"	"DEU"	1.906
"IND"	"DEU"	13.6
"IRL"	"DEU"	0.855
"ISL"	"DEU"	0.136
"ISR"	"DEU"	0.363
"ITA"	"DEU"	9.029
"JPN"	"DEU"	5.403
"KOR"	"DEU"	5.975
"LUX"	"DEU"	1.57
"MEX"	"DEU"	1.05
"NLD"	"DEU"	12.395
"NOR"	"DEU"	1.28
"NZL"	"DEU"	0.151
"POL"	"DEU"	15.898
"PRT"	"DEU"	0.874
"RUS"	"DEU"	48.277
"SVK"	"DEU"	2.384
"SVN"	"DEU"	1.23
"SWE"	"DEU"	1.429
"TUR"	"DEU"	4.581
"USA"	"DEU"	20.33
"ZAF"	"DEU"	3.562
"AUS"	"DNK"	0.087
"AUT"	"DNK"	0.107
"BEL"	"DNK"	0.345
"BRA"	"DNK"	0.124
"CAN"	"DNK"	0.2
"CHE"	"DNK"	0.068
"CHL"	"DNK"	0.107
"CHN"	"DNK"	3.643
"CZE"	"DNK"	0.288
"DEU"	"DNK"	2.91
"DNK"	"DNK"	23.617
"ESP"	"DNK"	0.44
"EST"	"DNK"	0.093
"FIN"	"DNK"	0.275
"FRA"	"DNK"	0.344
"GBR"	"DNK"	1.092
"GRC"	"DNK"	0.13
"HUN"	"DNK"	0.119
"IDN"	"DNK"	0.098
"IND"	"DNK"	1.434
"IRL"	"DNK"	0.076
"ISL"	"DNK"	0.019
"ISR"	"DNK"	0.033
"ITA"	"DNK"	0.442
"JPN"	"DNK"	0.221
"KOR"	"DNK"	0.308
"LUX"	"DNK"	0.088
"MEX"	"DNK"	0.049
"NLD"	"DNK"	0.599
"NOR"	"DNK"	0.554
"NZL"	"DNK"	0.025
"POL"	"DNK"	0.956
"PRT"	"DNK"	0.091
"RUS"	"DNK"	4.011
"SVK"	"DNK"	0.072
"SVN"	"DNK"	0.022
"SWE"	"DNK"	0.562
"TUR"	"DNK"	0.17
"USA"	"DNK"	1.608
"ZAF"	"DNK"	0.117
"AUS"	"ESP"	0.439
"AUT"	"ESP"	0.427
"BEL"	"ESP"	1.275
"BRA"	"ESP"	1.105
"CAN"	"ESP"	0.76
"CHE"	"ESP"	0.23
"CHL"	"ESP"	0.601
"CHN"	"ESP"	22.973
"CZE"	"ESP"	1.202
"DEU"	"ESP"	7.105
"DNK"	"ESP"	0.433
"ESP"	"ESP"	193.913
"EST"	"ESP"	0.077
"FIN"	"ESP"	0.472
"FRA"	"ESP"	4.258
"GBR"	"ESP"	3.397
"GRC"	"ESP"	0.381
"HUN"	"ESP"	0.505
"IDN"	"ESP"	1.047
"IND"	"ESP"	5.78
"IRL"	"ESP"	0.409
"ISL"	"ESP"	0.036
"ISR"	"ESP"	0.184
"ITA"	"ESP"	4.228
"JPN"	"ESP"	1.527
"KOR"	"ESP"	1.762
"LUX"	"ESP"	0.234
"MEX"	"ESP"	0.793
"NLD"	"ESP"	1.877
"NOR"	"ESP"	0.402
"NZL"	"ESP"	0.055
"POL"	"ESP"	1.961
"PRT"	"ESP"	2.394
"RUS"	"ESP"	17.826
"SVK"	"ESP"	0.406
"SVN"	"ESP"	0.079
"SWE"	"ESP"	0.325
"TUR"	"ESP"	1.31
"USA"	"ESP"	7.218
"ZAF"	"ESP"	1.052
"AUS"	"EST"	0.007
"AUT"	"EST"	0.012
"BEL"	"EST"	0.027
"BRA"	"EST"	0.01
"CAN"	"EST"	0.02
"CHE"	"EST"	0.003
"CHL"	"EST"	0.004
"CHN"	"EST"	0.496
"CZE"	"EST"	0.039
"DEU"	"EST"	0.331
"DNK"	"EST"	0.022
"ESP"	"EST"	0.027
"EST"	"EST"	10.16
"FIN"	"EST"	0.181
"FRA"	"EST"	0.035
"GBR"	"EST"	0.054
"GRC"	"EST"	0.009
"HUN"	"EST"	0.015
"IDN"	"EST"	0.011
"IND"	"EST"	0.071
"IRL"	"EST"	0.006
"ISL"	"EST"	0.001
"ISR"	"EST"	0.002
"ITA"	"EST"	0.055
"JPN"	"EST"	0.043
"KOR"	"EST"	0.036
"LUX"	"EST"	0.009
"MEX"	"EST"	0.005
"NLD"	"EST"	0.042
"NOR"	"EST"	0.021
"NZL"	"EST"	0.001
"POL"	"EST"	0.189
"PRT"	"EST"	0.003
"RUS"	"EST"	0.928
"SVK"	"EST"	0.01
"SVN"	"EST"	0.003
"SWE"	"EST"	0.041
"TUR"	"EST"	0.025
"USA"	"EST"	0.087
"ZAF"	"EST"	0.019
"AUS"	"FIN"	0.087
"AUT"	"FIN"	0.106
"BEL"	"FIN"	0.274
"BRA"	"FIN"	0.133
"CAN"	"FIN"	0.177
"CHE"	"FIN"	0.03
"CHL"	"FIN"	0.061
"CHN"	"FIN"	3.887
"CZE"	"FIN"	0.27
"DEU"	"FIN"	2.855
"DNK"	"FIN"	0.338
"ESP"	"FIN"	0.35
"EST"	"FIN"	1.015
"FIN"	"FIN"	34.981
"FRA"	"FIN"	0.329
"GBR"	"FIN"	0.535
"GRC"	"FIN"	0.078
"HUN"	"FIN"	0.062
"IDN"	"FIN"	0.088
"IND"	"FIN"	2.002
"IRL"	"FIN"	0.054
"ISL"	"FIN"	0.005
"ISR"	"FIN"	0.018
"ITA"	"FIN"	0.381
"JPN"	"FIN"	0.218
"KOR"	"FIN"	0.297
"LUX"	"FIN"	0.072
"MEX"	"FIN"	0.048
"NLD"	"FIN"	0.497
"NOR"	"FIN"	0.219
"NZL"	"FIN"	0.007
"POL"	"FIN"	0.665
"PRT"	"FIN"	0.056
"RUS"	"FIN"	9.475
"SVK"	"FIN"	0.07
"SVN"	"FIN"	0.016
"SWE"	"FIN"	0.637
"TUR"	"FIN"	0.141
"USA"	"FIN"	0.954
"ZAF"	"FIN"	0.171
"AUS"	"FRA"	0.818
"AUT"	"FRA"	1.067
"BEL"	"FRA"	5.802
"BRA"	"FRA"	1.531
"CAN"	"FRA"	1.908
"CHE"	"FRA"	0.62
"CHL"	"FRA"	0.502
"CHN"	"FRA"	43.726
"CZE"	"FRA"	2.572
"DEU"	"FRA"	19.846
"DNK"	"FRA"	0.632
"ESP"	"FRA"	9.601
"EST"	"FRA"	0.166
"FIN"	"FRA"	0.886
"FRA"	"FRA"	261.374
"GBR"	"FRA"	6.499
"GRC"	"FRA"	0.693
"HUN"	"FRA"	0.874
"IDN"	"FRA"	1.312
"IND"	"FRA"	11.396
"IRL"	"FRA"	0.617
"ISL"	"FRA"	0.057
"ISR"	"FRA"	0.339
"ITA"	"FRA"	8.382
"JPN"	"FRA"	3.449
"KOR"	"FRA"	3.342
"LUX"	"FRA"	0.779
"MEX"	"FRA"	0.675
"NLD"	"FRA"	4.356
"NOR"	"FRA"	0.955
"NZL"	"FRA"	0.113
"POL"	"FRA"	4.863
"PRT"	"FRA"	1.321
"RUS"	"FRA"	34.137
"SVK"	"FRA"	0.989
"SVN"	"FRA"	0.245
"SWE"	"FRA"	0.752
"TUR"	"FRA"	2.47
"USA"	"FRA"	14.561
"ZAF"	"FRA"	1.657
"AUS"	"GBR"	1.509
"AUT"	"GBR"	0.792
"BEL"	"GBR"	3.278
"BRA"	"GBR"	1.261
"CAN"	"GBR"	2.853
"CHE"	"GBR"	0.274
"CHL"	"GBR"	0.422
"CHN"	"GBR"	43.108
"CZE"	"GBR"	2.334
"DEU"	"GBR"	13.748
"DNK"	"GBR"	1.528
"ESP"	"GBR"	6.306
"EST"	"GBR"	0.209
"FIN"	"GBR"	1.043
"FRA"	"GBR"	5.117
"GBR"	"GBR"	352.965
"GRC"	"GBR"	1.216
"HUN"	"GBR"	0.818
"IDN"	"GBR"	1.259
"IND"	"GBR"	15.643
"IRL"	"GBR"	1.847
"ISL"	"GBR"	0.119
"ISR"	"GBR"	0.555
"ITA"	"GBR"	4.371
"JPN"	"GBR"	4.066
"KOR"	"GBR"	3.435
"LUX"	"GBR"	0.352
"MEX"	"GBR"	0.779
"NLD"	"GBR"	4.811
"NOR"	"GBR"	1.673
"NZL"	"GBR"	0.268
"POL"	"GBR"	4.965
"PRT"	"GBR"	0.811
"RUS"	"GBR"	22.978
"SVK"	"GBR"	0.65
"SVN"	"GBR"	0.137
"SWE"	"GBR"	0.932
"TUR"	"GBR"	2.641
"USA"	"GBR"	18.817
"ZAF"	"GBR"	2.374
"AUS"	"GRC"	0.079
"AUT"	"GRC"	0.111
"BEL"	"GRC"	0.364
"BRA"	"GRC"	0.102
"CAN"	"GRC"	0.162
"CHE"	"GRC"	0.044
"CHL"	"GRC"	0.043
"CHN"	"GRC"	3.739
"CZE"	"GRC"	0.195
"DEU"	"GRC"	1.946
"DNK"	"GRC"	0.132
"ESP"	"GRC"	0.609
"EST"	"GRC"	0.011
"FIN"	"GRC"	0.08
"FRA"	"GRC"	0.498
"GBR"	"GRC"	0.576
"GRC"	"GRC"	65.88
"HUN"	"GRC"	0.106
"IDN"	"GRC"	0.132
"IND"	"GRC"	1.42
"IRL"	"GRC"	0.035
"ISL"	"GRC"	0.003
"ISR"	"GRC"	0.063
"ITA"	"GRC"	1.177
"JPN"	"GRC"	0.208
"KOR"	"GRC"	0.633
"LUX"	"GRC"	0.044
"MEX"	"GRC"	0.052
"NLD"	"GRC"	0.448
"NOR"	"GRC"	0.078
"NZL"	"GRC"	0.013
"POL"	"GRC"	0.386
"PRT"	"GRC"	0.125
"RUS"	"GRC"	11.545
"SVK"	"GRC"	0.061
"SVN"	"GRC"	0.024
"SWE"	"GRC"	0.065
"TUR"	"GRC"	0.688
"USA"	"GRC"	1.359
"ZAF"	"GRC"	0.12
"AUS"	"HUN"	0.03
"AUT"	"HUN"	0.391
"BEL"	"HUN"	0.175
"BRA"	"HUN"	0.047
"CAN"	"HUN"	0.071
"CHE"	"HUN"	0.023
"CHL"	"HUN"	0.015
"CHN"	"HUN"	1.882
"CZE"	"HUN"	0.606
"DEU"	"HUN"	3.708
"DNK"	"HUN"	0.062
"ESP"	"HUN"	0.179
"EST"	"HUN"	0.01
"FIN"	"HUN"	0.064
"FRA"	"HUN"	0.27
"GBR"	"HUN"	0.231
"GRC"	"HUN"	0.042
"HUN"	"HUN"	29.516
"IDN"	"HUN"	0.042
"IND"	"HUN"	0.312
"IRL"	"HUN"	0.038
"ISL"	"HUN"	0.002
"ISR"	"HUN"	0.016
"ITA"	"HUN"	0.433
"JPN"	"HUN"	0.179
"KOR"	"HUN"	0.252
"LUX"	"HUN"	0.041
"MEX"	"HUN"	0.032
"NLD"	"HUN"	0.268
"NOR"	"HUN"	0.028
"NZL"	"HUN"	0.002
"POL"	"HUN"	1.024
"PRT"	"HUN"	0.023
"RUS"	"HUN"	8.352
"SVK"	"HUN"	0.506
"SVN"	"HUN"	0.096
"SWE"	"HUN"	0.059
"TUR"	"HUN"	0.143
"USA"	"HUN"	0.558
"ZAF"	"HUN"	0.064
"AUS"	"IDN"	2.246
"AUT"	"IDN"	0.083
"BEL"	"IDN"	0.172
"BRA"	"IDN"	0.677
"CAN"	"IDN"	0.766
"CHE"	"IDN"	0.044
"CHL"	"IDN"	0.297
"CHN"	"IDN"	28.282
"CZE"	"IDN"	0.102
"DEU"	"IDN"	0.942
"DNK"	"IDN"	0.102
"ESP"	"IDN"	0.235
"EST"	"IDN"	0.012
"FIN"	"IDN"	0.111
"FRA"	"IDN"	0.375
"GBR"	"IDN"	0.396
"GRC"	"IDN"	0.064
"HUN"	"IDN"	0.076
"IDN"	"IDN"	327.59
"IND"	"IDN"	6.549
"IRL"	"IDN"	0.043
"ISL"	"IDN"	0.003
"ISR"	"IDN"	0.081
"ITA"	"IDN"	0.339
"JPN"	"IDN"	5.254
"KOR"	"IDN"	6.989
"LUX"	"IDN"	0.023
"MEX"	"IDN"	0.25
"NLD"	"IDN"	0.324
"NOR"	"IDN"	0.117
"NZL"	"IDN"	0.134
"POL"	"IDN"	0.171
"PRT"	"IDN"	0.064
"RUS"	"IDN"	5.614
"SVK"	"IDN"	0.029
"SVN"	"IDN"	0.011
"SWE"	"IDN"	0.102
"TUR"	"IDN"	0.235
"USA"	"IDN"	3.76
"ZAF"	"IDN"	0.837
"AUS"	"IND"	5.834
"AUT"	"IND"	0.369
"BEL"	"IND"	0.88
"BRA"	"IND"	1.28
"CAN"	"IND"	1.606
"CHE"	"IND"	0.217
"CHL"	"IND"	0.984
"CHN"	"IND"	58.486
"CZE"	"IND"	0.517
"DEU"	"IND"	4.866
"DNK"	"IND"	0.557
"ESP"	"IND"	0.895
"EST"	"IND"	0.071
"FIN"	"IND"	0.954
"FRA"	"IND"	0.984
"GBR"	"IND"	2.415
"GRC"	"IND"	0.278
"HUN"	"IND"	0.175
"IDN"	"IND"	3.801
"IND"	"IND"	1468.133
"IRL"	"IND"	0.214
"ISL"	"IND"	0.012
"ISR"	"IND"	0.626
"ITA"	"IND"	1.541
"JPN"	"IND"	5.001
"KOR"	"IND"	8.246
"LUX"	"IND"	0.077
"MEX"	"IND"	0.91
"NLD"	"IND"	0.814
"NOR"	"IND"	0.361
"NZL"	"IND"	0.178
"POL"	"IND"	0.91
"PRT"	"IND"	0.109
"RUS"	"IND"	16.906
"SVK"	"IND"	0.119
"SVN"	"IND"	0.048
"SWE"	"IND"	0.412
"TUR"	"IND"	0.837
"USA"	"IND"	15.163
"ZAF"	"IND"	9.905
"AUS"	"IRL"	0.076
"AUT"	"IRL"	0.045
"BEL"	"IRL"	0.218
"BRA"	"IRL"	0.096
"CAN"	"IRL"	0.187
"CHE"	"IRL"	0.03
"CHL"	"IRL"	0.03
"CHN"	"IRL"	2.241
"CZE"	"IRL"	0.115
"DEU"	"IRL"	0.769
"DNK"	"IRL"	0.146
"ESP"	"IRL"	0.322
"EST"	"IRL"	0.023
"FIN"	"IRL"	0.059
"FRA"	"IRL"	0.309
"GBR"	"IRL"	3.085
"GRC"	"IRL"	0.067
"HUN"	"IRL"	0.046
"IDN"	"IRL"	0.065
"IND"	"IRL"	0.712
"IRL"	"IRL"	24.025
"ISL"	"IRL"	0.004
"ISR"	"IRL"	0.023
"ITA"	"IRL"	0.271
"JPN"	"IRL"	0.228
"KOR"	"IRL"	0.343
"LUX"	"IRL"	0.075
"MEX"	"IRL"	0.08
"NLD"	"IRL"	0.726
"NOR"	"IRL"	0.193
"NZL"	"IRL"	0.011
"POL"	"IRL"	0.309
"PRT"	"IRL"	0.049
"RUS"	"IRL"	0.966
"SVK"	"IRL"	0.029
"SVN"	"IRL"	0.011
"SWE"	"IRL"	0.054
"TUR"	"IRL"	0.102
"USA"	"IRL"	3.45
"ZAF"	"IRL"	0.153
"AUS"	"ISL"	0.004
"AUT"	"ISL"	0.005
"BEL"	"ISL"	0.015
"BRA"	"ISL"	0.057
"CAN"	"ISL"	0.023
"CHE"	"ISL"	0.002
"CHL"	"ISL"	0.002
"CHN"	"ISL"	0.186
"CZE"	"ISL"	0.008
"DEU"	"ISL"	0.063
"DNK"	"ISL"	0.053
"ESP"	"ISL"	0.025
"EST"	"ISL"	0.009
"FIN"	"ISL"	0.013
"FRA"	"ISL"	0.013
"GBR"	"ISL"	0.066
"GRC"	"ISL"	0.005
"HUN"	"ISL"	0.003
"IDN"	"ISL"	0.004
"IND"	"ISL"	0.054
"IRL"	"ISL"	0.003
"ISL"	"ISL"	0.868
"ISR"	"ISL"	0.001
"ITA"	"ISL"	0.018
"JPN"	"ISL"	0.014
"KOR"	"ISL"	0.014
"LUX"	"ISL"	0.002
"MEX"	"ISL"	0.004
"NLD"	"ISL"	0.031
"NOR"	"ISL"	0.075
"NZL"	"ISL"	0
"POL"	"ISL"	0.021
"PRT"	"ISL"	0.002
"RUS"	"ISL"	0.113
"SVK"	"ISL"	0.002
"SVN"	"ISL"	0.001
"SWE"	"ISL"	0.012
"TUR"	"ISL"	0.006
"USA"	"ISL"	0.231
"ZAF"	"ISL"	0.005
"AUS"	"ISR"	0.108
"AUT"	"ISR"	0.069
"BEL"	"ISR"	0.26
"BRA"	"ISR"	0.095
"CAN"	"ISR"	0.262
"CHE"	"ISR"	0.059
"CHL"	"ISR"	0.035
"CHN"	"ISR"	4.658
"CZE"	"ISR"	0.162
"DEU"	"ISR"	0.74
"DNK"	"ISR"	0.057
"ESP"	"ISR"	0.354
"EST"	"ISR"	0.009
"FIN"	"ISR"	0.049
"FRA"	"ISR"	0.19
"GBR"	"ISR"	0.623
"GRC"	"ISR"	0.133
"HUN"	"ISR"	0.091
"IDN"	"ISR"	0.092
"IND"	"ISR"	4.376
"IRL"	"ISR"	0.082
"ISL"	"ISR"	0.002
"ISR"	"ISR"	54.005
"ITA"	"ISR"	0.465
"JPN"	"ISR"	0.52
"KOR"	"ISR"	0.604
"LUX"	"ISR"	0.032
"MEX"	"ISR"	0.1
"NLD"	"ISR"	0.248
"NOR"	"ISR"	0.04
"NZL"	"ISR"	0.006
"POL"	"ISR"	0.234
"PRT"	"ISR"	0.047
"RUS"	"ISR"	2.221
"SVK"	"ISR"	0.036
"SVN"	"ISR"	0.025
"SWE"	"ISR"	0.046
"TUR"	"ISR"	0.654
"USA"	"ISR"	3.299
"ZAF"	"ISR"	0.155
"AUS"	"ITA"	0.681
"AUT"	"ITA"	1.599
"BEL"	"ITA"	2.488
"BRA"	"ITA"	1.463
"CAN"	"ITA"	1.09
"CHE"	"ITA"	0.553
"CHL"	"ITA"	0.514
"CHN"	"ITA"	31.495
"CZE"	"ITA"	2.361
"DEU"	"ITA"	21.698
"DNK"	"ITA"	0.588
"ESP"	"ITA"	5.278
"EST"	"ITA"	0.126
"FIN"	"ITA"	0.654
"FRA"	"ITA"	5.406
"GBR"	"ITA"	3.295
"GRC"	"ITA"	1.246
"HUN"	"ITA"	1.118
"IDN"	"ITA"	1.364
"IND"	"ITA"	10.326
"IRL"	"ITA"	0.491
"ISL"	"ITA"	0.035
"ISR"	"ITA"	0.292
"ITA"	"ITA"	308.128
"JPN"	"ITA"	2.157
"KOR"	"ITA"	3.052
"LUX"	"ITA"	0.565
"MEX"	"ITA"	0.548
"NLD"	"ITA"	2.815
"NOR"	"ITA"	0.373
"NZL"	"ITA"	0.085
"POL"	"ITA"	4.372
"PRT"	"ITA"	0.508
"RUS"	"ITA"	30.782
"SVK"	"ITA"	0.997
"SVN"	"ITA"	0.603
"SWE"	"ITA"	0.506
"TUR"	"ITA"	2.83
"USA"	"ITA"	8.848
"ZAF"	"ITA"	1.683
"AUS"	"JPN"	10.711
"AUT"	"JPN"	0.357
"BEL"	"JPN"	0.85
"BRA"	"JPN"	2.811
"CAN"	"JPN"	4.645
"CHE"	"JPN"	0.33
"CHL"	"JPN"	3.616
"CHN"	"JPN"	129.77
"CZE"	"JPN"	0.504
"DEU"	"JPN"	4.954
"DNK"	"JPN"	0.637
"ESP"	"JPN"	1.237
"EST"	"JPN"	0.08
"FIN"	"JPN"	0.674
"FRA"	"JPN"	2.001
"GBR"	"JPN"	2.155
"GRC"	"JPN"	0.175
"HUN"	"JPN"	0.352
"IDN"	"JPN"	10.443
"IND"	"JPN"	11.387
"IRL"	"JPN"	0.29
"ISL"	"JPN"	0.036
"ISR"	"JPN"	0.339
"ITA"	"JPN"	1.937
"JPN"	"JPN"	1001.64
"KOR"	"JPN"	18.797
"LUX"	"JPN"	0.12
"MEX"	"JPN"	1.486
"NLD"	"JPN"	1.315
"NOR"	"JPN"	0.534
"NZL"	"JPN"	0.585
"POL"	"JPN"	0.841
"PRT"	"JPN"	0.146
"RUS"	"JPN"	28.848
"SVK"	"JPN"	0.135
"SVN"	"JPN"	0.038
"SWE"	"JPN"	0.326
"TUR"	"JPN"	0.572
"USA"	"JPN"	31.304
"ZAF"	"JPN"	4.892
"AUS"	"KOR"	3.738
"AUT"	"KOR"	0.19
"BEL"	"KOR"	0.318
"BRA"	"KOR"	1.228
"CAN"	"KOR"	1.969
"CHE"	"KOR"	0.093
"CHL"	"KOR"	0.907
"CHN"	"KOR"	55.698
"CZE"	"KOR"	0.273
"DEU"	"KOR"	2.448
"DNK"	"KOR"	0.26
"ESP"	"KOR"	0.444
"EST"	"KOR"	0.026
"FIN"	"KOR"	0.234
"FRA"	"KOR"	0.735
"GBR"	"KOR"	0.837
"GRC"	"KOR"	0.185
"HUN"	"KOR"	0.148
"IDN"	"KOR"	3.335
"IND"	"KOR"	7.787
"IRL"	"KOR"	0.09
"ISL"	"KOR"	0.008
"ISR"	"KOR"	0.13
"ITA"	"KOR"	0.829
"JPN"	"KOR"	10.967
"KOR"	"KOR"	370.097
"LUX"	"KOR"	0.04
"MEX"	"KOR"	0.765
"NLD"	"KOR"	0.502
"NOR"	"KOR"	0.345
"NZL"	"KOR"	0.272
"POL"	"KOR"	0.422
"PRT"	"KOR"	0.047
"RUS"	"KOR"	11.837
"SVK"	"KOR"	0.119
"SVN"	"KOR"	0.024
"SWE"	"KOR"	0.161
"TUR"	"KOR"	0.388
"USA"	"KOR"	12.669
"ZAF"	"KOR"	1.72
"AUS"	"LUX"	0.013
"AUT"	"LUX"	0.034
"BEL"	"LUX"	0.393
"BRA"	"LUX"	0.023
"CAN"	"LUX"	0.063
"CHE"	"LUX"	0.01
"CHL"	"LUX"	0.013
"CHN"	"LUX"	0.558
"CZE"	"LUX"	0.079
"DEU"	"LUX"	0.765
"DNK"	"LUX"	0.026
"ESP"	"LUX"	0.108
"EST"	"LUX"	0.006
"FIN"	"LUX"	0.02
"FRA"	"LUX"	0.315
"GBR"	"LUX"	0.142
"GRC"	"LUX"	0.043
"HUN"	"LUX"	0.023
"IDN"	"LUX"	0.056
"IND"	"LUX"	0.165
"IRL"	"LUX"	0.012
"ISL"	"LUX"	0.002
"ISR"	"LUX"	0.004
"ITA"	"LUX"	0.183
"JPN"	"LUX"	0.072
"KOR"	"LUX"	0.069
"LUX"	"LUX"	2.457
"MEX"	"LUX"	0.014
"NLD"	"LUX"	0.151
"NOR"	"LUX"	0.018
"NZL"	"LUX"	0.001
"POL"	"LUX"	0.153
"PRT"	"LUX"	0.026
"RUS"	"LUX"	0.382
"SVK"	"LUX"	0.021
"SVN"	"LUX"	0.008
"SWE"	"LUX"	0.02
"TUR"	"LUX"	0.029
"USA"	"LUX"	0.333
"ZAF"	"LUX"	0.042
"AUS"	"MEX"	0.517
"AUT"	"MEX"	0.145
"BEL"	"MEX"	0.217
"BRA"	"MEX"	1.448
"CAN"	"MEX"	3.754
"CHE"	"MEX"	0.072
"CHL"	"MEX"	0.506
"CHN"	"MEX"	23.442
"CZE"	"MEX"	0.256
"DEU"	"MEX"	2.027
"DNK"	"MEX"	0.082
"ESP"	"MEX"	0.982
"EST"	"MEX"	0.013
"FIN"	"MEX"	0.119
"FRA"	"MEX"	0.536
"GBR"	"MEX"	0.568
"GRC"	"MEX"	0.083
"HUN"	"MEX"	0.081
"IDN"	"MEX"	0.614
"IND"	"MEX"	3.293
"IRL"	"MEX"	0.071
"ISL"	"MEX"	0.004
"ISR"	"MEX"	0.124
"ITA"	"MEX"	0.879
"JPN"	"MEX"	3.201
"KOR"	"MEX"	3.476
"LUX"	"MEX"	0.034
"MEX"	"MEX"	350.672
"NLD"	"MEX"	0.401
"NOR"	"MEX"	0.085
"NZL"	"MEX"	0.09
"POL"	"MEX"	0.384
"PRT"	"MEX"	0.114
"RUS"	"MEX"	3.618
"SVK"	"MEX"	0.074
"SVN"	"MEX"	0.022
"SWE"	"MEX"	0.103
"TUR"	"MEX"	0.204
"USA"	"MEX"	40.934
"ZAF"	"MEX"	0.786
"AUS"	"NLD"	0.136
"AUT"	"NLD"	0.246
"BEL"	"NLD"	1.81
"BRA"	"NLD"	0.414
"CAN"	"NLD"	0.346
"CHE"	"NLD"	0.111
"CHL"	"NLD"	0.094
"CHN"	"NLD"	6.618
"CZE"	"NLD"	0.362
"DEU"	"NLD"	3.921
"DNK"	"NLD"	0.29
"ESP"	"NLD"	0.95
"EST"	"NLD"	0.087
"FIN"	"NLD"	0.235
"FRA"	"NLD"	1.022
"GBR"	"NLD"	1.876
"GRC"	"NLD"	0.199
"HUN"	"NLD"	0.139
"IDN"	"NLD"	0.252
"IND"	"NLD"	2.914
"IRL"	"NLD"	0.139
"ISL"	"NLD"	0.034
"ISR"	"NLD"	0.059
"ITA"	"NLD"	0.713
"JPN"	"NLD"	0.597
"KOR"	"NLD"	0.37
"LUX"	"NLD"	0.134
"MEX"	"NLD"	0.102
"NLD"	"NLD"	115.55
"NOR"	"NLD"	0.243
"NZL"	"NLD"	0.018
"POL"	"NLD"	1.026
"PRT"	"NLD"	0.116
"RUS"	"NLD"	5.839
"SVK"	"NLD"	0.075
"SVN"	"NLD"	0.041
"SWE"	"NLD"	0.177
"TUR"	"NLD"	0.221
"USA"	"NLD"	3.434
"ZAF"	"NLD"	0.259
"AUS"	"NOR"	0.137
"AUT"	"NOR"	0.118
"BEL"	"NOR"	0.302
"BRA"	"NOR"	0.279
"CAN"	"NOR"	0.673
"CHE"	"NOR"	0.048
"CHL"	"NOR"	0.059
"CHN"	"NOR"	6.686
"CZE"	"NOR"	0.323
"DEU"	"NOR"	1.563
"DNK"	"NOR"	1.048
"ESP"	"NOR"	0.856
"EST"	"NOR"	0.222
"FIN"	"NOR"	0.772
"FRA"	"NOR"	0.44
"GBR"	"NOR"	1.125
"GRC"	"NOR"	0.217
"HUN"	"NOR"	0.097
"IDN"	"NOR"	0.163
"IND"	"NOR"	1.405
"IRL"	"NOR"	0.111
"ISL"	"NOR"	0.039
"ISR"	"NOR"	0.03
"ITA"	"NOR"	0.515
"JPN"	"NOR"	0.535
"KOR"	"NOR"	1.305
"LUX"	"NOR"	0.132
"MEX"	"NOR"	0.088
"NLD"	"NOR"	0.571
"NOR"	"NOR"	21.546
"NZL"	"NOR"	0.012
"POL"	"NOR"	1.082
"PRT"	"NOR"	0.103
"RUS"	"NOR"	6.536
"SVK"	"NOR"	0.095
"SVN"	"NOR"	0.02
"SWE"	"NOR"	1.053
"TUR"	"NOR"	0.324
"USA"	"NOR"	2.4
"ZAF"	"NOR"	0.398
"AUS"	"NZL"	1.474
"AUT"	"NZL"	0.02
"BEL"	"NZL"	0.058
"BRA"	"NZL"	0.066
"CAN"	"NZL"	0.17
"CHE"	"NZL"	0.012
"CHL"	"NZL"	0.035
"CHN"	"NZL"	3.864
"CZE"	"NZL"	0.028
"DEU"	"NZL"	0.298
"DNK"	"NZL"	0.083
"ESP"	"NZL"	0.118
"EST"	"NZL"	0.004
"FIN"	"NZL"	0.03
"FRA"	"NZL"	0.079
"GBR"	"NZL"	0.212
"GRC"	"NZL"	0.016
"HUN"	"NZL"	0.015
"IDN"	"NZL"	0.231
"IND"	"NZL"	0.535
"IRL"	"NZL"	0.019
"ISL"	"NZL"	0.001
"ISR"	"NZL"	0.027
"ITA"	"NZL"	0.136
"JPN"	"NZL"	0.521
"KOR"	"NZL"	0.537
"LUX"	"NZL"	0.012
"MEX"	"NZL"	0.055
"NLD"	"NZL"	0.066
"NOR"	"NZL"	0.022
"NZL"	"NZL"	22.844
"POL"	"NZL"	0.048
"PRT"	"NZL"	0.008
"RUS"	"NZL"	1.848
"SVK"	"NZL"	0.008
"SVN"	"NZL"	0.002
"SWE"	"NZL"	0.019
"TUR"	"NZL"	0.037
"USA"	"NZL"	1.032
"ZAF"	"NZL"	0.092
"AUS"	"POL"	0.156
"AUT"	"POL"	0.464
"BEL"	"POL"	0.6
"BRA"	"POL"	0.279
"CAN"	"POL"	0.234
"CHE"	"POL"	0.089
"CHL"	"POL"	0.091
"CHN"	"POL"	12.282
"CZE"	"POL"	2.16
"DEU"	"POL"	6.342
"DNK"	"POL"	0.349
"ESP"	"POL"	0.888
"EST"	"POL"	0.095
"FIN"	"POL"	0.418
"FRA"	"POL"	1.039
"GBR"	"POL"	1.018
"GRC"	"POL"	0.212
"HUN"	"POL"	0.609
"IDN"	"POL"	0.302
"IND"	"POL"	1.88
"IRL"	"POL"	0.089
"ISL"	"POL"	0.024
"ISR"	"POL"	0.077
"ITA"	"POL"	1.558
"JPN"	"POL"	0.818
"KOR"	"POL"	1.252
"LUX"	"POL"	0.105
"MEX"	"POL"	0.117
"NLD"	"POL"	0.874
"NOR"	"POL"	0.305
"NZL"	"POL"	0.011
"POL"	"POL"	222.479
"PRT"	"POL"	0.096
"RUS"	"POL"	17.443
"SVK"	"POL"	0.94
"SVN"	"POL"	0.088
"SWE"	"POL"	0.286
"TUR"	"POL"	0.601
"USA"	"POL"	1.756
"ZAF"	"POL"	0.335
"AUS"	"PRT"	0.042
"AUT"	"PRT"	0.062
"BEL"	"PRT"	0.262
"BRA"	"PRT"	0.352
"CAN"	"PRT"	0.124
"CHE"	"PRT"	0.039
"CHL"	"PRT"	0.044
"CHN"	"PRT"	2.187
"CZE"	"PRT"	0.147
"DEU"	"PRT"	1.716
"DNK"	"PRT"	0.069
"ESP"	"PRT"	4.274
"EST"	"PRT"	0.008
"FIN"	"PRT"	0.053
"FRA"	"PRT"	0.661
"GBR"	"PRT"	0.507
"GRC"	"PRT"	0.064
"HUN"	"PRT"	0.052
"IDN"	"PRT"	0.08
"IND"	"PRT"	0.732
"IRL"	"PRT"	0.073
"ISL"	"PRT"	0.006
"ISR"	"PRT"	0.027
"ITA"	"PRT"	0.619
"JPN"	"PRT"	0.152
"KOR"	"PRT"	0.205
"LUX"	"PRT"	0.046
"MEX"	"PRT"	0.096
"NLD"	"PRT"	0.357
"NOR"	"PRT"	0.077
"NZL"	"PRT"	0.008
"POL"	"PRT"	0.284
"PRT"	"PRT"	34.758
"RUS"	"PRT"	1.871
"SVK"	"PRT"	0.046
"SVN"	"PRT"	0.012
"SWE"	"PRT"	0.071
"TUR"	"PRT"	0.084
"USA"	"PRT"	0.755
"ZAF"	"PRT"	0.121
"AUS"	"RUS"	0.667
"AUT"	"RUS"	0.628
"BEL"	"RUS"	0.926
"BRA"	"RUS"	1.179
"CAN"	"RUS"	0.862
"CHE"	"RUS"	0.198
"CHL"	"RUS"	0.256
"CHN"	"RUS"	38.588
"CZE"	"RUS"	2.146
"DEU"	"RUS"	6.393
"DNK"	"RUS"	0.474
"ESP"	"RUS"	1.828
"EST"	"RUS"	0.507
"FIN"	"RUS"	1.541
"FRA"	"RUS"	1.737
"GBR"	"RUS"	1.847
"GRC"	"RUS"	0.623
"HUN"	"RUS"	0.785
"IDN"	"RUS"	0.823
"IND"	"RUS"	4.965
"IRL"	"RUS"	0.316
"ISL"	"RUS"	0.043
"ISR"	"RUS"	0.306
"ITA"	"RUS"	2.631
"JPN"	"RUS"	3.998
"KOR"	"RUS"	5.872
"LUX"	"RUS"	0.115
"MEX"	"RUS"	0.394
"NLD"	"RUS"	1.547
"NOR"	"RUS"	0.428
"NZL"	"RUS"	0.058
"POL"	"RUS"	4.082
"PRT"	"RUS"	0.164
"RUS"	"RUS"	982.472
"SVK"	"RUS"	0.935
"SVN"	"RUS"	0.171
"SWE"	"RUS"	0.414
"TUR"	"RUS"	3.403
"USA"	"RUS"	5.669
"ZAF"	"RUS"	0.955
"AUS"	"SVK"	0.033
"AUT"	"SVK"	0.157
"BEL"	"SVK"	0.088
"BRA"	"SVK"	0.045
"CAN"	"SVK"	0.042
"CHE"	"SVK"	0.014
"CHL"	"SVK"	0.013
"CHN"	"SVK"	2.075
"CZE"	"SVK"	1.473
"DEU"	"SVK"	1.178
"DNK"	"SVK"	0.025
"ESP"	"SVK"	0.133
"EST"	"SVK"	0.008
"FIN"	"SVK"	0.034
"FRA"	"SVK"	0.199
"GBR"	"SVK"	0.165
"GRC"	"SVK"	0.033
"HUN"	"SVK"	0.33
"IDN"	"SVK"	0.051
"IND"	"SVK"	0.313
"IRL"	"SVK"	0.013
"ISL"	"SVK"	0.002
"ISR"	"SVK"	0.011
"ITA"	"SVK"	0.276
"JPN"	"SVK"	0.158
"KOR"	"SVK"	0.445
"LUX"	"SVK"	0.017
"MEX"	"SVK"	0.026
"NLD"	"SVK"	0.095
"NOR"	"SVK"	0.015
"NZL"	"SVK"	0.002
"POL"	"SVK"	1.033
"PRT"	"SVK"	0.014
"RUS"	"SVK"	5.837
"SVK"	"SVK"	18.212
"SVN"	"SVK"	0.031
"SWE"	"SVK"	0.029
"TUR"	"SVK"	0.101
"USA"	"SVK"	0.293
"ZAF"	"SVK"	0.066
"AUS"	"SVN"	0.119
"AUT"	"SVN"	0.157
"BEL"	"SVN"	0.047
"BRA"	"SVN"	0.045
"CAN"	"SVN"	0.028
"CHE"	"SVN"	0.01
"CHL"	"SVN"	0.01
"CHN"	"SVN"	0.913
"CZE"	"SVN"	0.149
"DEU"	"SVN"	1.439
"DNK"	"SVN"	0.015
"ESP"	"SVN"	0.105
"EST"	"SVN"	0.003
"FIN"	"SVN"	0.016
"FRA"	"SVN"	0.104
"GBR"	"SVN"	0.076
"GRC"	"SVN"	0.031
"HUN"	"SVN"	0.102
"IDN"	"SVN"	0.037
"IND"	"SVN"	0.227
"IRL"	"SVN"	0.011
"ISL"	"SVN"	0.001
"ISR"	"SVN"	0.005
"ITA"	"SVN"	0.532
"JPN"	"SVN"	0.056
"KOR"	"SVN"	0.093
"LUX"	"SVN"	0.01
"MEX"	"SVN"	0.015
"NLD"	"SVN"	0.057
"NOR"	"SVN"	0.012
"NZL"	"SVN"	0.001
"POL"	"SVN"	0.186
"PRT"	"SVN"	0.007
"RUS"	"SVN"	1.264
"SVK"	"SVN"	0.063
"SVN"	"SVN"	10.367
"SWE"	"SVN"	0.013
"TUR"	"SVN"	0.078
"USA"	"SVN"	0.315
"ZAF"	"SVN"	0.034
"AUS"	"SWE"	0.148
"AUT"	"SWE"	0.254
"BEL"	"SWE"	0.64
"BRA"	"SWE"	0.209
"CAN"	"SWE"	0.35
"CHE"	"SWE"	0.062
"CHL"	"SWE"	0.093
"CHN"	"SWE"	7.181
"CZE"	"SWE"	0.589
"DEU"	"SWE"	4.706
"DNK"	"SWE"	1.601
"ESP"	"SWE"	0.793
"EST"	"SWE"	0.464
"FIN"	"SWE"	1.592
"FRA"	"SWE"	0.826
"GBR"	"SWE"	1.564
"GRC"	"SWE"	0.196
"HUN"	"SWE"	0.174
"IDN"	"SWE"	0.162
"IND"	"SWE"	2.36
"IRL"	"SWE"	0.197
"ISL"	"SWE"	0.017
"ISR"	"SWE"	0.033
"ITA"	"SWE"	0.898
"JPN"	"SWE"	0.566
"KOR"	"SWE"	0.658
"LUX"	"SWE"	0.239
"MEX"	"SWE"	0.091
"NLD"	"SWE"	0.858
"NOR"	"SWE"	1.281
"NZL"	"SWE"	0.015
"POL"	"SWE"	1.688
"PRT"	"SWE"	0.114
"RUS"	"SWE"	7.411
"SVK"	"SWE"	0.207
"SVN"	"SWE"	0.043
"SWE"	"SWE"	28.774
"TUR"	"SWE"	0.348
"USA"	"SWE"	2.849
"ZAF"	"SWE"	0.302
"AUS"	"TUR"	0.521
"AUT"	"TUR"	0.338
"BEL"	"TUR"	0.678
"BRA"	"TUR"	0.748
"CAN"	"TUR"	0.837
"CHE"	"TUR"	0.106
"CHL"	"TUR"	0.183
"CHN"	"TUR"	20.741
"CZE"	"TUR"	0.728
"DEU"	"TUR"	3.93
"DNK"	"TUR"	0.134
"ESP"	"TUR"	1.662
"EST"	"TUR"	0.057
"FIN"	"TUR"	0.357
"FRA"	"TUR"	1.227
"GBR"	"TUR"	1.219
"GRC"	"TUR"	0.619
"HUN"	"TUR"	0.305
"IDN"	"TUR"	0.924
"IND"	"TUR"	7.268
"IRL"	"TUR"	0.072
"ISL"	"TUR"	0.013
"ISR"	"TUR"	0.281
"ITA"	"TUR"	2.565
"JPN"	"TUR"	1.57
"KOR"	"TUR"	3.39
"LUX"	"TUR"	0.081
"MEX"	"TUR"	0.323
"NLD"	"TUR"	0.599
"NOR"	"TUR"	0.189
"NZL"	"TUR"	0.024
"POL"	"TUR"	1.544
"PRT"	"TUR"	0.141
"RUS"	"TUR"	24.206
"SVK"	"TUR"	0.327
"SVN"	"TUR"	0.073
"SWE"	"TUR"	0.292
"TUR"	"TUR"	237.375
"USA"	"TUR"	5.207
"ZAF"	"TUR"	1.352
"AUS"	"USA"	5.988
"AUT"	"USA"	1.592
"BEL"	"USA"	3.581
"BRA"	"USA"	10.137
"CAN"	"USA"	72.706
"CHE"	"USA"	1.202
"CHL"	"USA"	3.086
"CHN"	"USA"	290.767
"CZE"	"USA"	2.661
"DEU"	"USA"	19.799
"DNK"	"USA"	1.361
"ESP"	"USA"	5.95
"EST"	"USA"	0.398
"FIN"	"USA"	1.779
"FRA"	"USA"	6.207
"GBR"	"USA"	12.792
"GRC"	"USA"	1.449
"HUN"	"USA"	1.116
"IDN"	"USA"	8.857
"IND"	"USA"	65.781
"IRL"	"USA"	1.798
"ISL"	"USA"	0.078
"ISR"	"USA"	4.186
"ITA"	"USA"	7.853
"JPN"	"USA"	33.236
"KOR"	"USA"	32.762
"LUX"	"USA"	0.518
"MEX"	"USA"	50.405
"NLD"	"USA"	4.24
"NOR"	"USA"	1.804
"NZL"	"USA"	0.757
"POL"	"USA"	4.491
"PRT"	"USA"	1.12
"RUS"	"USA"	73.728
"SVK"	"USA"	0.848
"SVN"	"USA"	0.238
"SWE"	"USA"	1.24
"TUR"	"USA"	3.793
"USA"	"USA"	4850.775
"ZAF"	"USA"	8.805
"AUS"	"ZAF"	0.505
"AUT"	"ZAF"	0.096
"BEL"	"ZAF"	0.298
"BRA"	"ZAF"	0.397
"CAN"	"ZAF"	0.348
"CHE"	"ZAF"	0.051
"CHL"	"ZAF"	0.088
"CHN"	"ZAF"	10.69
"CZE"	"ZAF"	0.19
"DEU"	"ZAF"	1.462
"DNK"	"ZAF"	0.096
"ESP"	"ZAF"	0.34
"EST"	"ZAF"	0.011
"FIN"	"ZAF"	0.113
"FRA"	"ZAF"	0.43
"GBR"	"ZAF"	0.876
"GRC"	"ZAF"	0.045
"HUN"	"ZAF"	0.107
"IDN"	"ZAF"	0.457
"IND"	"ZAF"	4.649
"IRL"	"ZAF"	0.097
"ISL"	"ZAF"	0.002
"ISR"	"ZAF"	0.069
"ITA"	"ZAF"	0.555
"JPN"	"ZAF"	0.91
"KOR"	"ZAF"	1.11
"LUX"	"ZAF"	0.034
"MEX"	"ZAF"	0.167
"NLD"	"ZAF"	0.336
"NOR"	"ZAF"	0.074
"NZL"	"ZAF"	0.036
"POL"	"ZAF"	0.358
"PRT"	"ZAF"	0.041
"RUS"	"ZAF"	1.78
"SVK"	"ZAF"	0.053
"SVN"	"ZAF"	0.013
"SWE"	"ZAF"	0.115
"TUR"	"ZAF"	0.274
"USA"	"ZAF"	3.708
"ZAF"	"ZAF"	273.594
